Param i,Param j,Pearson r (2% noise)
R_s,α_2,-0.8539292199407047
R_s,α_1,0.6330120459857499
R_s,L,0.6307607558680784
L,R_ct,0.6251362058491772
R_ct,α_1,0.6125244538444837
L,α_2,-0.5863922318920292
