Method,R_s,L,R_ct,Q_1,α_1,Q_2,α_2,SSE,RMSE,R2
Classical,0.872511388,1.87992532e-07,15.0028986,0.00262172998,0.801697209,0.00211738227,0.900106897,370.580007217435,1.6755370175265543,0.9991472040858591
VQE/VQA,0.8725125006306069,1.879925033193223e-07,15.002970564212397,0.002621730299805266,0.8016972342708517,0.002117422875523952,0.9000379608739932,370.5868714261146,1.675552535339518,0.9991471882896235
QAOA,1.0217450270832182,1.300590559390693e-07,11.531597085891267,0.0037895527812489274,0.7780400661428573,0.002231805867537142,0.8764497541428573,1037.250722487612,2.80320531157558,0.9976130304904492
